<?xml version="1.0" encoding="UTF-8"?>
<document type="com.apple.InterfaceBuilder3.CocoaTouch.Storyboard.XIB" version="3.0" toolsVersion="13196" targetRuntime="iOS.CocoaTouch" propertyAccessControl="none" useAutolayout="YES" useTraitCollections="YES" colorMatched="YES" initialViewController="BV1-FR-VrT">
    <device id="retina4_7" orientation="portrait">
        <adaptation id="fullscreen"/>
    </device>
    <dependencies>
        <deployment identifier="iOS"/>
        <plugIn identifier="com.apple.InterfaceBuilder.IBCocoaTouchPlugin" version="13173"/>
        <capability name="documents saved in the Xcode 8 format" minToolsVersion="8.0"/>
    </dependencies>
    <scenes>
        <!--Game View Controller-->
        <scene sceneID="tXr-a1-R10">
            <objects>
                <viewController id="BV1-FR-VrT" customClass="GameViewController" customModule="FlappyBird" customModuleProvider="target" sceneMemberID="viewController">
                    <layoutGuides>
                        <viewControllerLayoutGuide type="top" id="maK-i9-Uhn"/>
                        <viewControllerLayoutGuide type="bottom" id="khH-OB-KpY"/>
                    </layoutGuides>
                    <view key="view" contentMode="scaleToFill" id="3se-qz-xqx" customClass="SKView">
                        <rect key="frame" x="0.0" y="0.0" width="375" height="667"/>
                        <autoresizingMask key="autoresizingMask" widthSizable="YES" heightSizable="YES"/>
                        <color key="backgroundColor" red="0.0" green="0.0" blue="0.0" alpha="1" colorSpace="custom" customColorSpace="sRGB"/>
                    </view>
                </viewController>
                <placeholder placeholderIdentifier="IBFirstResponder" id="SZV-WD-TEh" sceneMemberID="firstResponder"/>
            </objects>
        </scene>
    </scenes>
</document>
