<?xml version="1.0" encoding="UTF-8" standalone="no"?>
<document type="com.apple.InterfaceBuilder3.CocoaTouch.Storyboard.XIB" version="3.0" toolsVersion="11134" systemVersion="15F34" targetRuntime="iOS.CocoaTouch" propertyAccessControl="none" useAutolayout="YES" launchScreen="YES" useTraitCollections="YES" colorMatched="YES" initialViewController="01J-lp-oVM">
    <dependencies>
        <plugIn identifier="com.apple.InterfaceBuilder.IBCocoaTouchPlugin" version="11106"/>
        <capability name="Constraints with non-1.0 multipliers" minToolsVersion="5.1"/>
        <capability name="documents saved in the Xcode 8 format" minToolsVersion="8.0"/>
    </dependencies>
    <scenes>
        <!--View Controller-->
        <scene sceneID="EHf-IW-A2E">
            <objects>
                <viewController id="01J-lp-oVM" sceneMemberID="viewController">
                    <layoutGuides>
                        <viewControllerLayoutGuide type="top" id="Llm-lL-Icb"/>
                        <viewControllerLayoutGuide type="bottom" id="xb3-aO-Qok"/>
                    </layoutGuides>
                    <view key="view" contentMode="scaleToFill" id="Ze5-6b-2t3">
                        <rect key="frame" x="0.0" y="0.0" width="375" height="667"/>
                        <autoresizingMask key="autoresizingMask" widthSizable="YES" heightSizable="YES"/>
                        <subviews>
                            <label opaque="NO" clipsSubviews="YES" userInteractionEnabled="NO" contentMode="left" horizontalHuggingPriority="251" verticalHuggingPriority="251" text="  Copyright © 2016 Fullstack.io. All rights reserved." textAlignment="center" lineBreakMode="tailTruncation" baselineAdjustment="alignBaselines" minimumFontSize="9" translatesAutoresizingMaskIntoConstraints="NO" id="obG-Y5-kRd">
                                <fontDescription key="fontDescription" type="system" pointSize="17"/>
                                <color key="textColor" red="0.0" green="0.0" blue="0.0" alpha="1" colorSpace="custom" customColorSpace="sRGB"/>
                                <nil key="highlightedColor"/>
                            </label>
                            <label opaque="NO" clipsSubviews="YES" userInteractionEnabled="NO" contentMode="left" horizontalHuggingPriority="251" verticalHuggingPriority="251" text="FlappyBird" textAlignment="center" lineBreakMode="middleTruncation" baselineAdjustment="alignBaselines" minimumFontSize="18" translatesAutoresizingMaskIntoConstraints="NO" id="GJd-Yh-RWb">
                                <fontDescription key="fontDescription" type="boldSystem" pointSize="36"/>
                                <color key="textColor" red="0.0" green="0.0" blue="0.0" alpha="1" colorSpace="custom" customColorSpace="sRGB"/>
                                <nil key="highlightedColor"/>
                            </label>
                        </subviews>
                        <color key="backgroundColor" red="1" green="1" blue="1" alpha="1" colorSpace="custom" customColorSpace="sRGB"/>
                        <constraints>
                            <constraint firstAttribute="centerX" secondItem="obG-Y5-kRd" secondAttribute="centerX" id="5cz-MP-9tL"/>
                            <constraint firstAttribute="centerX" secondItem="GJd-Yh-RWb" secondAttribute="centerX" id="Q3B-4B-g5h"/>
                            <constraint firstItem="obG-Y5-kRd" firstAttribute="leading" secondItem="Ze5-6b-2t3" secondAttribute="leading" constant="20" symbolic="YES" id="SfN-ll-jLj"/>
                            <constraint firstAttribute="bottom" secondItem="obG-Y5-kRd" secondAttribute="bottom" constant="20" id="Y44-ml-fuU"/>
                            <constraint firstItem="GJd-Yh-RWb" firstAttribute="centerY" secondItem="Ze5-6b-2t3" secondAttribute="bottom" multiplier="1/3" constant="1" id="moa-c2-u7t"/>
                            <constraint firstItem="GJd-Yh-RWb" firstAttribute="leading" secondItem="Ze5-6b-2t3" secondAttribute="leading" constant="20" symbolic="YES" id="x7j-FC-K8j"/>
                        </constraints>
                    </view>
                </viewController>
                <placeholder placeholderIdentifier="IBFirstResponder" id="iYj-Kq-Ea1" userLabel="First Responder" sceneMemberID="firstResponder"/>
            </objects>
            <point key="canvasLocation" x="53" y="375"/>
        </scene>
    </scenes>
</document>
